task,model,r2_train,r2_test,rmse_test,accuracy,weighted_f1,macro_f1,tfidf_max_features,tfidf_ngram_range,tfidf_svd_n_components,imb_sampler,xgb_colsample_bytree,xgb_learning_rate,xgb_max_depth,xgb_n_estimators,xgb_subsample
star_rating,hybrid_sbert_w2v_tfidf_svd_xgbreg,0.8658534288406372,0.6982315182685852,0.8412669343646799,0.42697095435684645,0.4215897079990342,0.40976947768439514,20000,"(1, 1)",200,smote,1.0,0.1,4,500,1.0
star_rating,hybrid_sbert_w2v_tfidf_svd_xgbreg,0.8843801617622375,0.698014497756958,0.8415693431396125,0.42946058091286304,0.426061179729217,0.41342178408731983,20000,"(1, 1)",200,smote,1.0,0.1,4,600,1.0
star_rating,hybrid_sbert_w2v_tfidf_svd_xgbreg,0.9137410521507263,0.6984130144119263,0.8410139580837231,0.4363070539419087,0.43475899731005185,0.41944820824290857,20000,"(1, 1)",200,smote,1.0,0.1,4,800,1.0
star_rating,hybrid_sbert_w2v_tfidf_svd_xgbreg,0.9766064882278442,0.6982930302619934,0.8411811647976585,0.4433609958506224,0.44199750567199414,0.42583234141095394,20000,"(1, 1)",200,smote,1.0,0.1,6,500,1.0
star_rating,hybrid_sbert_w2v_tfidf_svd_xgbreg,0.9852432012557983,0.6979762315750122,0.8416227085292527,0.44543568464730293,0.4442403635639051,0.42722625686957355,20000,"(1, 1)",200,smote,1.0,0.1,6,600,1.0
star_rating,hybrid_sbert_w2v_tfidf_svd_xgbreg,0.9939250349998474,0.697340190410614,0.8425084268731468,0.44356846473029043,0.4430716310195858,0.42517915476526225,20000,"(1, 1)",200,smote,1.0,0.1,6,800,1.0
star_rating,hybrid_sbert_w2v_tfidf_svd_xgbreg,0.9993854761123657,0.6962395906448364,0.8440389491626273,0.43008298755186725,0.42693932942841617,0.4122902826794941,20000,"(1, 1)",200,smote,1.0,0.1,8,500,1.0
star_rating,hybrid_sbert_w2v_tfidf_svd_xgbreg,0.9997637867927551,0.6962254047393799,0.8440586161462319,0.42697095435684645,0.42369665824210717,0.4091080505525323,20000,"(1, 1)",200,smote,1.0,0.1,8,600,1.0
star_rating,hybrid_sbert_w2v_tfidf_svd_xgbreg,0.9999361038208008,0.696315348148346,0.8439336153088033,0.42904564315352695,0.42628660077444885,0.4113630781558199,20000,"(1, 1)",200,smote,1.0,0.1,8,800,1.0
star_rating,hybrid_sbert_w2v_tfidf_svd_xgbreg,0.905602216720581,0.6925420165061951,0.8491604726214205,0.42531120331950206,0.42297705090023124,0.40958687234533936,20000,"(1, 1)",200,smote,1.0,0.15,4,500,1.0
star_rating,hybrid_sbert_w2v_tfidf_svd_xgbreg,0.92327481508255,0.6915935277938843,0.8504692549443817,0.4288381742738589,0.42736375738121113,0.412367560931928,20000,"(1, 1)",200,smote,1.0,0.15,4,600,1.0
star_rating,hybrid_sbert_w2v_tfidf_svd_xgbreg,0.9485220313072205,0.6904650926589966,0.8520237784492688,0.4350622406639004,0.4353838298538427,0.4196626571663008,20000,"(1, 1)",200,smote,1.0,0.15,4,800,1.0
star_rating,hybrid_sbert_w2v_tfidf_svd_xgbreg,0.9919837117195129,0.687240481376648,0.8564502537583726,0.43298755186721993,0.43269399375085704,0.4175568959187796,20000,"(1, 1)",200,smote,1.0,0.15,6,500,1.0
star_rating,hybrid_sbert_w2v_tfidf_svd_xgbreg,0.9958318471908569,0.6871309876441956,0.8566001482444847,0.4358921161825726,0.4355905298287167,0.42087010404019487,20000,"(1, 1)",200,smote,1.0,0.15,6,600,1.0
star_rating,hybrid_sbert_w2v_tfidf_svd_xgbreg,0.9987789988517761,0.6873763203620911,0.8562642409539571,0.43340248962655603,0.43340186953647575,0.4180663160602065,20000,"(1, 1)",200,smote,1.0,0.15,6,800,1.0
star_rating,hybrid_sbert_w2v_tfidf_svd_xgbreg,0.9999128580093384,0.6879785060882568,0.8554392073594669,0.4348547717842324,0.4344824978109581,0.42004887381277145,20000,"(1, 1)",200,smote,1.0,0.15,8,500,1.0
star_rating,hybrid_sbert_w2v_tfidf_svd_xgbreg,0.9999508857727051,0.6880146265029907,0.8553896654057275,0.43568464730290457,0.43506362626281475,0.4206304649755692,20000,"(1, 1)",200,smote,1.0,0.15,8,600,1.0
star_rating,hybrid_sbert_w2v_tfidf_svd_xgbreg,0.999964714050293,0.6880189180374146,0.8553837424766212,0.43609958506224067,0.43557308190326527,0.42110610399247833,20000,"(1, 1)",200,smote,1.0,0.15,8,800,1.0
star_rating,hybrid_sbert_w2v_tfidf_svd_xgbreg,0.8693374395370483,0.7004061937332153,0.838230162074359,0.4259336099585062,0.4221807505222484,0.41085883202284046,20000,"(1, 1)",200,random,1.0,0.1,4,500,1.0
star_rating,hybrid_sbert_w2v_tfidf_svd_xgbreg,0.8875402808189392,0.7011637687683105,0.8371696660504945,0.4371369294605809,0.4352326064220309,0.42185722641975615,20000,"(1, 1)",200,random,1.0,0.1,4,600,1.0
star_rating,hybrid_sbert_w2v_tfidf_svd_xgbreg,0.9148997068405151,0.702238142490387,0.8356634385962487,0.4433609958506224,0.44335511840019376,0.4279957867601281,20000,"(1, 1)",200,random,1.0,0.1,4,800,1.0
star_rating,hybrid_sbert_w2v_tfidf_svd_xgbreg,0.9740265607833862,0.7040268182754517,0.8331496910563038,0.44854771784232367,0.4489055205971202,0.42713945986350843,20000,"(1, 1)",200,random,1.0,0.1,6,500,1.0
star_rating,hybrid_sbert_w2v_tfidf_svd_xgbreg,0.9826117753982544,0.7037230730056763,0.8335771482149775,0.45020746887966806,0.450830174021406,0.42843784988832373,20000,"(1, 1)",200,random,1.0,0.1,6,600,1.0
star_rating,hybrid_sbert_w2v_tfidf_svd_xgbreg,0.9917596578598022,0.7034351825714111,0.8339820522302804,0.4533195020746888,0.454358425911084,0.43061400752172024,20000,"(1, 1)",200,random,1.0,0.1,6,800,1.0
star_rating,hybrid_sbert_w2v_tfidf_svd_xgbreg,0.9987000823020935,0.6961052417755127,0.8442254669470121,0.4392116182572614,0.4359063137585012,0.41398860214933186,20000,"(1, 1)",200,random,1.0,0.1,8,500,1.0
star_rating,hybrid_sbert_w2v_tfidf_svd_xgbreg,0.999418318271637,0.6962822675704956,0.8439796629688268,0.44149377593360994,0.43836131008758894,0.41608546393787316,20000,"(1, 1)",200,random,1.0,0.1,8,600,1.0
star_rating,hybrid_sbert_w2v_tfidf_svd_xgbreg,0.9998611211776733,0.6962596774101257,0.8440109838295294,0.44273858921161824,0.4396682566998918,0.4173150608779075,20000,"(1, 1)",200,random,1.0,0.1,8,800,1.0
star_rating,hybrid_sbert_w2v_tfidf_svd_xgbreg,0.9075515270233154,0.6974002122879028,0.8424248355649661,0.4352697095435685,0.43590506857202227,0.41876932504427344,20000,"(1, 1)",200,random,1.0,0.15,4,500,1.0
star_rating,hybrid_sbert_w2v_tfidf_svd_xgbreg,0.9245996475219727,0.6968365907669067,0.8432089872500169,0.43734439834024896,0.4381536838179111,0.42012578737070533,20000,"(1, 1)",200,random,1.0,0.15,4,600,1.0
star_rating,hybrid_sbert_w2v_tfidf_svd_xgbreg,0.9489865303039551,0.6958950757980347,0.8445173588826893,0.4421161825726141,0.4448461089149305,0.4247158095881002,20000,"(1, 1)",200,random,1.0,0.15,4,800,1.0
star_rating,hybrid_sbert_w2v_tfidf_svd_xgbreg,0.9896656274795532,0.6887869834899902,0.8543301673963957,0.43568464730290457,0.43750595806540526,0.41659934460038944,20000,"(1, 1)",200,random,1.0,0.15,6,500,1.0
star_rating,hybrid_sbert_w2v_tfidf_svd_xgbreg,0.9939910769462585,0.6882778406143188,0.855028779621849,0.4396265560165975,0.4413529615394791,0.4199661001374132,20000,"(1, 1)",200,random,1.0,0.15,6,600,1.0
star_rating,hybrid_sbert_w2v_tfidf_svd_xgbreg,0.9979768395423889,0.6881129741668701,0.8552548215050539,0.441701244813278,0.44378183832003254,0.42143122199762234,20000,"(1, 1)",200,random,1.0,0.15,6,800,1.0
star_rating,hybrid_sbert_w2v_tfidf_svd_xgbreg,0.9997982978820801,0.6880114078521729,0.8553940901554142,0.44979253112033196,0.4506059370810391,0.4278774708905554,20000,"(1, 1)",200,random,1.0,0.15,8,500,1.0
star_rating,hybrid_sbert_w2v_tfidf_svd_xgbreg,0.9999164938926697,0.6880171298980713,0.8553862161755295,0.44979253112033196,0.4507319049019243,0.427666943519634,20000,"(1, 1)",200,random,1.0,0.15,8,600,1.0
star_rating,hybrid_sbert_w2v_tfidf_svd_xgbreg,0.999955952167511,0.6880223751068115,0.8553790041038073,0.44896265560165977,0.4497885759582014,0.42670262946691473,20000,"(1, 1)",200,random,1.0,0.15,8,800,1.0
star_rating,hybrid_sbert_w2v_tfidf_svd_xgbreg,0.8836209177970886,0.7029539346694946,0.8346584552951567,0.45394190871369294,0.4533702566827292,0.4295819900716135,20000,"(1, 1)",200,none,1.0,0.1,4,500,1.0
star_rating,hybrid_sbert_w2v_tfidf_svd_xgbreg,0.9011372923851013,0.7034344673156738,0.8339829813389446,0.45684647302904563,0.45677040092566945,0.43290979813220487,20000,"(1, 1)",200,none,1.0,0.1,4,600,1.0
star_rating,hybrid_sbert_w2v_tfidf_svd_xgbreg,0.9279260039329529,0.7018147706985474,0.836257302975092,0.46265560165975106,0.4629960057274051,0.4397584453458162,20000,"(1, 1)",200,none,1.0,0.1,4,800,1.0
star_rating,hybrid_sbert_w2v_tfidf_svd_xgbreg,0.9818659424781799,0.7032134532928467,0.8342937815709137,0.45477178423236514,0.4535357337076385,0.42761852239969517,20000,"(1, 1)",200,none,1.0,0.1,6,500,1.0
star_rating,hybrid_sbert_w2v_tfidf_svd_xgbreg,0.9888273477554321,0.7036455869674683,0.8336860426888533,0.45726141078838173,0.4562885250324995,0.4304788991598702,20000,"(1, 1)",200,none,1.0,0.1,6,600,1.0
star_rating,hybrid_sbert_w2v_tfidf_svd_xgbreg,0.9957902431488037,0.7030941247940063,0.8344614419914627,0.45726141078838173,0.4566758880568796,0.43033006320779243,20000,"(1, 1)",200,none,1.0,0.1,6,800,1.0
star_rating,hybrid_sbert_w2v_tfidf_svd_xgbreg,0.9993847012519836,0.697999119758606,0.8415908030195987,0.4479253112033195,0.44417736148184755,0.4206301906573893,20000,"(1, 1)",200,none,1.0,0.1,8,500,1.0
star_rating,hybrid_sbert_w2v_tfidf_svd_xgbreg,0.9997560977935791,0.6979044675827026,0.8417226665739235,0.4470954356846473,0.4435647560208149,0.42007495629954655,20000,"(1, 1)",200,none,1.0,0.1,8,600,1.0
star_rating,hybrid_sbert_w2v_tfidf_svd_xgbreg,0.9999412894248962,0.6979681253433228,0.8416339335985148,0.4479253112033195,0.4443400112071214,0.42071254803256475,20000,"(1, 1)",200,none,1.0,0.1,8,800,1.0
star_rating,hybrid_sbert_w2v_tfidf_svd_xgbreg,0.9210485219955444,0.6944036483764648,0.8465857712203985,0.45311203319502075,0.4561294586793815,0.43182570449210705,20000,"(1, 1)",200,none,1.0,0.15,4,500,1.0
star_rating,hybrid_sbert_w2v_tfidf_svd_xgbreg,0.9368705153465271,0.6930724382400513,0.8484275929696284,0.4516597510373444,0.4548809986137861,0.4306510006190104,20000,"(1, 1)",200,none,1.0,0.15,4,600,1.0
star_rating,hybrid_sbert_w2v_tfidf_svd_xgbreg,0.9597814083099365,0.6910461187362671,0.8512237294942581,0.45269709543568465,0.45670169903038155,0.4325598144412114,20000,"(1, 1)",200,none,1.0,0.15,4,800,1.0
star_rating,hybrid_sbert_w2v_tfidf_svd_xgbreg,0.9940546154975891,0.6913102269172668,0.8508597807987889,0.45477178423236514,0.4567689600023598,0.43081408115968955,20000,"(1, 1)",200,none,1.0,0.15,6,500,1.0
star_rating,hybrid_sbert_w2v_tfidf_svd_xgbreg,0.9969708323478699,0.6908472180366516,0.8514976476770099,0.4562240663900415,0.45813261406801126,0.4317980600604951,20000,"(1, 1)",200,none,1.0,0.15,6,600,1.0
star_rating,hybrid_sbert_w2v_tfidf_svd_xgbreg,0.9992111325263977,0.6905462145805359,0.8519120854948595,0.45643153526970953,0.45833300107863,0.432084091697922,20000,"(1, 1)",200,none,1.0,0.15,6,800,1.0
star_rating,hybrid_sbert_w2v_tfidf_svd_xgbreg,0.9999298453330994,0.6897575855255127,0.8529969479102643,0.4470954356846473,0.4479714286822072,0.4212500365496271,20000,"(1, 1)",200,none,1.0,0.15,8,500,1.0
star_rating,hybrid_sbert_w2v_tfidf_svd_xgbreg,0.9999597668647766,0.689792275428772,0.8529492557028863,0.4473029045643154,0.4482365890946285,0.42167475258401116,20000,"(1, 1)",200,none,1.0,0.15,8,600,1.0
star_rating,hybrid_sbert_w2v_tfidf_svd_xgbreg,0.999966561794281,0.6897834539413452,0.8529613799087534,0.4475103734439834,0.44842246332994967,0.4218724220782889,20000,"(1, 1)",200,none,1.0,0.15,8,800,1.0
star_rating,hybrid_sbert_w2v_tfidf_svd_xgbreg,0.8713931441307068,0.6945300102233887,0.8464106888115065,0.42406639004149377,0.41747578639381006,0.4063894089673708,20000,"(1, 1)",300,smote,1.0,0.1,4,500,1.0
star_rating,hybrid_sbert_w2v_tfidf_svd_xgbreg,0.889955997467041,0.6950210332870483,0.8457300829390065,0.4271784232365145,0.4232387022692814,0.41058626090157924,20000,"(1, 1)",300,smote,1.0,0.1,4,600,1.0
star_rating,hybrid_sbert_w2v_tfidf_svd_xgbreg,0.9182295799255371,0.6958252787590027,0.84461429268832,0.42821576763485475,0.42638734222088226,0.4123073280309016,20000,"(1, 1)",300,smote,1.0,0.1,4,800,1.0
star_rating,hybrid_sbert_w2v_tfidf_svd_xgbreg,0.9783474206924438,0.7021212577819824,0.8358274726117066,0.44273858921161824,0.43994214979573776,0.4266298394671047,20000,"(1, 1)",300,smote,1.0,0.1,6,500,1.0
star_rating,hybrid_sbert_w2v_tfidf_svd_xgbreg,0.986586332321167,0.7023941278457642,0.8354445100046292,0.44813278008298757,0.4463993600438775,0.4327422795403678,20000,"(1, 1)",300,smote,1.0,0.1,6,600,1.0
star_rating,hybrid_sbert_w2v_tfidf_svd_xgbreg,0.9947949051856995,0.7016370296478271,0.8365065874660064,0.4470954356846473,0.44603071120878646,0.4313880015478704,20000,"(1, 1)",300,smote,1.0,0.1,6,800,1.0
star_rating,hybrid_sbert_w2v_tfidf_svd_xgbreg,0.9995723962783813,0.6968424916267395,0.8432008227618473,0.4255186721991701,0.42175891073201854,0.40666127433419064,20000,"(1, 1)",300,smote,1.0,0.1,8,500,1.0
star_rating,hybrid_sbert_w2v_tfidf_svd_xgbreg,0.999840259552002,0.6968839764595032,0.8431431389307409,0.4271784232365145,0.4233641140607739,0.40816641478465004,20000,"(1, 1)",300,smote,1.0,0.1,8,600,1.0
star_rating,hybrid_sbert_w2v_tfidf_svd_xgbreg,0.9999471306800842,0.6968919634819031,0.8431320399958261,0.42738589211618255,0.4239625474526898,0.40857350876132054,20000,"(1, 1)",300,smote,1.0,0.1,8,800,1.0
star_rating,hybrid_sbert_w2v_tfidf_svd_xgbreg,0.9091024398803711,0.6910973787307739,0.8511531090735683,0.43651452282157677,0.43568984363735175,0.4217202334428348,20000,"(1, 1)",300,smote,1.0,0.15,4,500,1.0
star_rating,hybrid_sbert_w2v_tfidf_svd_xgbreg,0.9264373779296875,0.6907268762588501,0.8516633910161557,0.43609958506224067,0.43614374015447505,0.42184148907214086,20000,"(1, 1)",300,smote,1.0,0.15,4,600,1.0
star_rating,hybrid_sbert_w2v_tfidf_svd_xgbreg,0.9514968395233154,0.6898241639137268,0.8529053695283374,0.43734439834024896,0.4379454605983635,0.42224640287495474,20000,"(1, 1)",300,smote,1.0,0.15,4,800,1.0
star_rating,hybrid_sbert_w2v_tfidf_svd_xgbreg,0.9932569265365601,0.6904323697090149,0.8520687593241228,0.45020746887966806,0.45249148430674263,0.434870069386986,20000,"(1, 1)",300,smote,1.0,0.15,6,500,1.0
star_rating,hybrid_sbert_w2v_tfidf_svd_xgbreg,0.9964813590049744,0.6905819177627563,0.8518629681415528,0.4470954356846473,0.4498743638222616,0.43221194127162266,20000,"(1, 1)",300,smote,1.0,0.15,6,600,1.0
star_rating,hybrid_sbert_w2v_tfidf_svd_xgbreg,0.9989679455757141,0.6903089880943298,0.8522385529689058,0.4470954356846473,0.4495052060726427,0.43221322890937514,20000,"(1, 1)",300,smote,1.0,0.15,6,800,1.0
star_rating,hybrid_sbert_w2v_tfidf_svd_xgbreg,0.9999359250068665,0.689482569694519,0.853374897334516,0.43298755186721993,0.4304862922088151,0.41546040504173287,20000,"(1, 1)",300,smote,1.0,0.15,8,500,1.0
star_rating,hybrid_sbert_w2v_tfidf_svd_xgbreg,0.9999572038650513,0.689497172832489,0.8533548164333228,0.43298755186721993,0.430361822186545,0.4152837886920526,20000,"(1, 1)",300,smote,1.0,0.15,8,600,1.0
star_rating,hybrid_sbert_w2v_tfidf_svd_xgbreg,0.9999654293060303,0.6895301342010498,0.8533095890208698,0.4323651452282158,0.42971402483613036,0.41474790455564997,20000,"(1, 1)",300,smote,1.0,0.15,8,800,1.0
star_rating,hybrid_sbert_w2v_tfidf_svd_xgbreg,0.872299075126648,0.7003813982009888,0.8382648974811909,0.42697095435684645,0.42192146478792114,0.41058667908007995,20000,"(1, 1)",300,random,1.0,0.1,4,500,1.0
star_rating,hybrid_sbert_w2v_tfidf_svd_xgbreg,0.8901085257530212,0.7010281085968018,0.8373597070277219,0.4336099585062241,0.43151165862757174,0.41724851392247253,20000,"(1, 1)",300,random,1.0,0.1,4,600,1.0
star_rating,hybrid_sbert_w2v_tfidf_svd_xgbreg,0.91734379529953,0.7005583047866821,0.8380173807367423,0.44190871369294604,0.4414234863965029,0.42497749716725686,20000,"(1, 1)",300,random,1.0,0.1,4,800,1.0
star_rating,hybrid_sbert_w2v_tfidf_svd_xgbreg,0.9756461381912231,0.6990438103675842,0.8401339007557281,0.43734439834024896,0.4381809052627364,0.41812856848854746,20000,"(1, 1)",300,random,1.0,0.1,6,500,1.0
star_rating,hybrid_sbert_w2v_tfidf_svd_xgbreg,0.9835734963417053,0.6993911862373352,0.8396488762033811,0.4404564315352697,0.4418773711777479,0.42049053022967914,20000,"(1, 1)",300,random,1.0,0.1,6,600,1.0
star_rating,hybrid_sbert_w2v_tfidf_svd_xgbreg,0.9926219582557678,0.6998846530914307,0.8389594812214036,0.44232365145228214,0.44354809576671383,0.4210672703789677,20000,"(1, 1)",300,random,1.0,0.1,6,800,1.0
star_rating,hybrid_sbert_w2v_tfidf_svd_xgbreg,0.9989503026008606,0.6958909034729004,0.8445231109989184,0.4429460580912863,0.44044836885373256,0.4205864576547677,20000,"(1, 1)",300,random,1.0,0.1,8,500,1.0
star_rating,hybrid_sbert_w2v_tfidf_svd_xgbreg,0.9995259642601013,0.6959521770477295,0.8444380956719253,0.4452282157676348,0.44328161450697473,0.4227476705375567,20000,"(1, 1)",300,random,1.0,0.1,8,600,1.0
star_rating,hybrid_sbert_w2v_tfidf_svd_xgbreg,0.9998868703842163,0.6959000825881958,0.8445104421757124,0.4470954356846473,0.44523082430786176,0.42474763857012043,20000,"(1, 1)",300,random,1.0,0.1,8,800,1.0
star_rating,hybrid_sbert_w2v_tfidf_svd_xgbreg,0.9095479249954224,0.695099949836731,0.8456207305732758,0.437551867219917,0.4377288463859698,0.4204878575781182,20000,"(1, 1)",300,random,1.0,0.15,4,500,1.0
star_rating,hybrid_sbert_w2v_tfidf_svd_xgbreg,0.9263097643852234,0.6941255331039429,0.8469708391977403,0.4363070539419087,0.4368123512369302,0.4179854304961669,20000,"(1, 1)",300,random,1.0,0.15,4,600,1.0
star_rating,hybrid_sbert_w2v_tfidf_svd_xgbreg,0.9505845308303833,0.6939135193824768,0.847264353081543,0.44190871369294604,0.4438406207379941,0.4229924916273089,20000,"(1, 1)",300,random,1.0,0.15,4,800,1.0
star_rating,hybrid_sbert_w2v_tfidf_svd_xgbreg,0.9912034869194031,0.6974735260009766,0.8423228026007179,0.4470954356846473,0.44744921207867655,0.4251929954603028,20000,"(1, 1)",300,random,1.0,0.15,6,500,1.0
star_rating,hybrid_sbert_w2v_tfidf_svd_xgbreg,0.9951996803283691,0.6970587372779846,0.8429000600240263,0.4464730290456432,0.4473559230786069,0.42366490657865413,20000,"(1, 1)",300,random,1.0,0.15,6,600,1.0
star_rating,hybrid_sbert_w2v_tfidf_svd_xgbreg,0.998495876789093,0.6964994668960571,0.8436777649087561,0.4504149377593361,0.4514670988075864,0.4267078797585294,20000,"(1, 1)",300,random,1.0,0.15,6,800,1.0
star_rating,hybrid_sbert_w2v_tfidf_svd_xgbreg,0.9998453855514526,0.689405083656311,0.853481335682258,0.43983402489626555,0.4420176339346814,0.4202834435225459,20000,"(1, 1)",300,random,1.0,0.15,8,500,1.0
star_rating,hybrid_sbert_w2v_tfidf_svd_xgbreg,0.9999310374259949,0.6893814206123352,0.8535138791413422,0.43900414937759336,0.44118653689623677,0.41953350222792984,20000,"(1, 1)",300,random,1.0,0.15,8,600,1.0
star_rating,hybrid_sbert_w2v_tfidf_svd_xgbreg,0.9999578595161438,0.689419150352478,0.8534620604303715,0.4400414937759336,0.44222867391131426,0.42035416008867177,20000,"(1, 1)",300,random,1.0,0.15,8,800,1.0
star_rating,hybrid_sbert_w2v_tfidf_svd_xgbreg,0.8853330612182617,0.7048709392547607,0.8319607915282362,0.45477178423236514,0.4536811186443447,0.42920685023236443,20000,"(1, 1)",300,none,1.0,0.1,4,500,1.0
star_rating,hybrid_sbert_w2v_tfidf_svd_xgbreg,0.9029420018196106,0.7039756774902344,0.8332216943029911,0.4553941908713693,0.4550134587926385,0.430803856211545,20000,"(1, 1)",300,none,1.0,0.1,4,600,1.0
star_rating,hybrid_sbert_w2v_tfidf_svd_xgbreg,0.9293828010559082,0.7034540176391602,0.8339555721982147,0.4597510373443983,0.4595937205543395,0.4352394127340363,20000,"(1, 1)",300,none,1.0,0.1,4,800,1.0
star_rating,hybrid_sbert_w2v_tfidf_svd_xgbreg,0.9837460517883301,0.7015696167945862,0.8366009940124851,0.45352697095435685,0.4540809138017738,0.42956182003633864,20000,"(1, 1)",300,none,1.0,0.1,6,500,1.0
star_rating,hybrid_sbert_w2v_tfidf_svd_xgbreg,0.9899241328239441,0.7011481523513794,0.8371915590900527,0.44979253112033196,0.451242413860468,0.42658257610640116,20000,"(1, 1)",300,none,1.0,0.1,6,600,1.0
star_rating,hybrid_sbert_w2v_tfidf_svd_xgbreg,0.9962137937545776,0.7009615898132324,0.8374527718621748,0.4520746887966805,0.4540052482882758,0.4293468354702249,20000,"(1, 1)",300,none,1.0,0.1,6,800,1.0
star_rating,hybrid_sbert_w2v_tfidf_svd_xgbreg,0.9995637536048889,0.6954506635665894,0.8451342706824905,0.44813278008298757,0.446295708808682,0.42175678667312705,20000,"(1, 1)",300,none,1.0,0.1,8,500,1.0
star_rating,hybrid_sbert_w2v_tfidf_svd_xgbreg,0.9998430609703064,0.6953427791595459,0.8452839153766336,0.44813278008298757,0.4462288724701352,0.4219318037375972,20000,"(1, 1)",300,none,1.0,0.1,8,600,1.0
star_rating,hybrid_sbert_w2v_tfidf_svd_xgbreg,0.9999544620513916,0.6953451633453369,0.8452806011957468,0.44896265560165977,0.4473421002259301,0.4230201299170607,20000,"(1, 1)",300,none,1.0,0.1,8,800,1.0
star_rating,hybrid_sbert_w2v_tfidf_svd_xgbreg,0.923240065574646,0.6943186521530151,0.846703446526776,0.4562240663900415,0.4594510341809728,0.43450291193744117,20000,"(1, 1)",300,none,1.0,0.15,4,500,1.0
star_rating,hybrid_sbert_w2v_tfidf_svd_xgbreg,0.9391880035400391,0.6917219161987305,0.8502922032691154,0.4562240663900415,0.4599482388325828,0.4350209636962056,20000,"(1, 1)",300,none,1.0,0.15,4,600,1.0
star_rating,hybrid_sbert_w2v_tfidf_svd_xgbreg,0.9611234068870544,0.6894419193267822,0.8534307721381602,0.4562240663900415,0.4595846050875006,0.43445525123579537,20000,"(1, 1)",300,none,1.0,0.15,4,800,1.0
star_rating,hybrid_sbert_w2v_tfidf_svd_xgbreg,0.9949524998664856,0.6894899606704712,0.8533647347114047,0.4483402489626556,0.4498610531988261,0.4238052989950408,20000,"(1, 1)",300,none,1.0,0.15,6,500,1.0
star_rating,hybrid_sbert_w2v_tfidf_svd_xgbreg,0.9975084066390991,0.6893668174743652,0.8535338864675251,0.4495850622406639,0.45174156533246584,0.4256287641967802,20000,"(1, 1)",300,none,1.0,0.15,6,600,1.0
star_rating,hybrid_sbert_w2v_tfidf_svd_xgbreg,0.999387264251709,0.6892554759979248,0.8536868763790175,0.4464730290456432,0.44856183835179364,0.42245049835778736,20000,"(1, 1)",300,none,1.0,0.15,6,800,1.0
star_rating,hybrid_sbert_w2v_tfidf_svd_xgbreg,0.9999444484710693,0.6880221366882324,0.8553793873555252,0.45311203319502075,0.45313953128641826,0.42736388837507855,20000,"(1, 1)",300,none,1.0,0.15,8,500,1.0
star_rating,hybrid_sbert_w2v_tfidf_svd_xgbreg,0.9999625086784363,0.6880122423171997,0.8553928707384939,0.45311203319502075,0.45317684951612053,0.4272240416136676,20000,"(1, 1)",300,none,1.0,0.15,8,600,1.0
star_rating,hybrid_sbert_w2v_tfidf_svd_xgbreg,0.9999666810035706,0.6880053281784058,0.8554023821443715,0.4524896265560166,0.4526409926005568,0.4268807154263502,20000,"(1, 1)",300,none,1.0,0.15,8,800,1.0
star_rating,hybrid_sbert_w2v_tfidf_svd_xgbreg,0.8681043386459351,0.69818115234375,0.8413371094018418,0.4280082987551867,0.42285970850635196,0.4116276915025677,20000,"(1, 2)",200,smote,1.0,0.1,4,500,1.0
star_rating,hybrid_sbert_w2v_tfidf_svd_xgbreg,0.886663019657135,0.698760449886322,0.8405292995390681,0.4315352697095436,0.4281760578168685,0.41613149905765734,20000,"(1, 2)",200,smote,1.0,0.1,4,600,1.0
star_rating,hybrid_sbert_w2v_tfidf_svd_xgbreg,0.9144901037216187,0.6984120607376099,0.8410151983491246,0.43091286307053944,0.42930813150593944,0.41591968234244847,20000,"(1, 2)",200,smote,1.0,0.1,4,800,1.0
star_rating,hybrid_sbert_w2v_tfidf_svd_xgbreg,0.9771464467048645,0.7010931968688965,0.8372685539647853,0.4358921161825726,0.4347765584253131,0.4205630471884114,20000,"(1, 2)",200,smote,1.0,0.1,6,500,1.0
star_rating,hybrid_sbert_w2v_tfidf_svd_xgbreg,0.9853351712226868,0.7012848854064941,0.8370000556913879,0.437551867219917,0.43731512352259266,0.42245340281054455,20000,"(1, 2)",200,smote,1.0,0.1,6,600,1.0
star_rating,hybrid_sbert_w2v_tfidf_svd_xgbreg,0.9941715002059937,0.7015506625175476,0.836627568424374,0.4404564315352697,0.44065188217766726,0.42417630801075046,20000,"(1, 2)",200,smote,1.0,0.1,6,800,1.0
star_rating,hybrid_sbert_w2v_tfidf_svd_xgbreg,0.999396800994873,0.6924445629119873,0.8492949506863994,0.429253112033195,0.4266145833701832,0.41217590830901407,20000,"(1, 2)",200,smote,1.0,0.1,8,500,1.0
star_rating,hybrid_sbert_w2v_tfidf_svd_xgbreg,0.9997661113739014,0.6924318075180054,0.8493126011061743,0.429253112033195,0.4266689872027486,0.4124513115751446,20000,"(1, 2)",200,smote,1.0,0.1,8,600,1.0
star_rating,hybrid_sbert_w2v_tfidf_svd_xgbreg,0.999936580657959,0.692421555519104,0.8493268124101991,0.43008298755186725,0.42767971352204975,0.41316611910343715,20000,"(1, 2)",200,smote,1.0,0.1,8,800,1.0
star_rating,hybrid_sbert_w2v_tfidf_svd_xgbreg,0.9068145751953125,0.6928271055221558,0.8487666719172849,0.4348547717842324,0.4343495949583224,0.41896074329233735,20000,"(1, 2)",200,smote,1.0,0.15,4,500,1.0
star_rating,hybrid_sbert_w2v_tfidf_svd_xgbreg,0.9238432049751282,0.6928062438964844,0.8487954636814806,0.43900414937759336,0.4391207497935156,0.42335592476493,20000,"(1, 2)",200,smote,1.0,0.15,4,600,1.0
star_rating,hybrid_sbert_w2v_tfidf_svd_xgbreg,0.9488637447357178,0.6917669773101807,0.8502300231704447,0.4421161825726141,0.44297482444742947,0.4264509900029593,20000,"(1, 2)",200,smote,1.0,0.15,4,800,1.0
star_rating,hybrid_sbert_w2v_tfidf_svd_xgbreg,0.9922091364860535,0.6905613541603088,0.8518912004706176,0.43983402489626555,0.4409362673137639,0.42236415933317917,20000,"(1, 2)",200,smote,1.0,0.15,6,500,1.0
star_rating,hybrid_sbert_w2v_tfidf_svd_xgbreg,0.9959064722061157,0.6907668709754944,0.8516083101322233,0.43983402489626555,0.44115779535225863,0.4219452926576775,20000,"(1, 2)",200,smote,1.0,0.15,6,600,1.0
star_rating,hybrid_sbert_w2v_tfidf_svd_xgbreg,0.9987967014312744,0.6906010508537292,0.8518365891347798,0.43900414937759336,0.44008915477499927,0.42068717521117643,20000,"(1, 2)",200,smote,1.0,0.15,6,800,1.0
star_rating,hybrid_sbert_w2v_tfidf_svd_xgbreg,0.9999193549156189,0.6834251880645752,0.8616581844512461,0.4346473029045643,0.4336304825287841,0.4175509564314825,20000,"(1, 2)",200,smote,1.0,0.15,8,500,1.0
star_rating,hybrid_sbert_w2v_tfidf_svd_xgbreg,0.9999526143074036,0.683407723903656,0.8616820146852712,0.4352697095435685,0.43431538362766603,0.4181808709287157,20000,"(1, 2)",200,smote,1.0,0.15,8,600,1.0
star_rating,hybrid_sbert_w2v_tfidf_svd_xgbreg,0.9999650120735168,0.6833915710449219,0.8617039420687684,0.4348547717842324,0.4339335677305639,0.41774140995793874,20000,"(1, 2)",200,smote,1.0,0.15,8,800,1.0
star_rating,hybrid_sbert_w2v_tfidf_svd_xgbreg,0.8685832023620605,0.6999403238296509,0.8388816823362092,0.43215767634854774,0.42704499421783965,0.415476065537546,20000,"(1, 2)",200,random,1.0,0.1,4,500,1.0
star_rating,hybrid_sbert_w2v_tfidf_svd_xgbreg,0.8864976763725281,0.6997202634811401,0.8391892122600801,0.4342323651452282,0.43139246538550907,0.41713719789757936,20000,"(1, 2)",200,random,1.0,0.1,4,600,1.0
star_rating,hybrid_sbert_w2v_tfidf_svd_xgbreg,0.9144391417503357,0.6995331645011902,0.8394506199703055,0.4379668049792531,0.43648721104536975,0.41960303021457446,20000,"(1, 2)",200,random,1.0,0.1,4,800,1.0
star_rating,hybrid_sbert_w2v_tfidf_svd_xgbreg,0.9749800562858582,0.7009234428405762,0.83750618604966,0.44585062240663903,0.4452081790049611,0.4256725257749915,20000,"(1, 2)",200,random,1.0,0.1,6,500,1.0
star_rating,hybrid_sbert_w2v_tfidf_svd_xgbreg,0.9833168387413025,0.7011231184005737,0.8372266579555275,0.445643153526971,0.44563636634828435,0.4256371577991496,20000,"(1, 2)",200,random,1.0,0.1,6,600,1.0
star_rating,hybrid_sbert_w2v_tfidf_svd_xgbreg,0.9923730492591858,0.700949490070343,0.8374697822129719,0.4464730290456432,0.44659785814536723,0.4253015345105209,20000,"(1, 2)",200,random,1.0,0.1,6,800,1.0
star_rating,hybrid_sbert_w2v_tfidf_svd_xgbreg,0.9985809326171875,0.6955562233924866,0.8449877384808512,0.4468879668049793,0.4450020058133799,0.4221556934028422,20000,"(1, 2)",200,random,1.0,0.1,8,500,1.0
star_rating,hybrid_sbert_w2v_tfidf_svd_xgbreg,0.9993840456008911,0.6956806182861328,0.8448150764793487,0.4470954356846473,0.4456212689797834,0.42232288103887966,20000,"(1, 2)",200,random,1.0,0.1,8,600,1.0
star_rating,hybrid_sbert_w2v_tfidf_svd_xgbreg,0.9998435378074646,0.6958023309707642,0.8446461545568199,0.4479253112033195,0.4465235021654398,0.4225819036354648,20000,"(1, 2)",200,random,1.0,0.1,8,800,1.0
star_rating,hybrid_sbert_w2v_tfidf_svd_xgbreg,0.9068602323532104,0.6955952644348145,0.8449335980142186,0.4288381742738589,0.42763781091977443,0.4116435057514553,20000,"(1, 2)",200,random,1.0,0.15,4,500,1.0
star_rating,hybrid_sbert_w2v_tfidf_svd_xgbreg,0.924045205116272,0.6950274705886841,0.8457211675327103,0.43381742738589213,0.43426568305290353,0.41633687672520037,20000,"(1, 2)",200,random,1.0,0.15,4,600,1.0
star_rating,hybrid_sbert_w2v_tfidf_svd_xgbreg,0.9484205842018127,0.6941008567810059,0.8470050050391682,0.44190871369294604,0.4437823846680704,0.4243930874343448,20000,"(1, 2)",200,random,1.0,0.15,4,800,1.0
star_rating,hybrid_sbert_w2v_tfidf_svd_xgbreg,0.990523099899292,0.6926479339599609,0.8490141438742735,0.4450207468879668,0.4459926764723917,0.42551150293171813,20000,"(1, 2)",200,random,1.0,0.15,6,500,1.0
star_rating,hybrid_sbert_w2v_tfidf_svd_xgbreg,0.9945485591888428,0.6924475431442261,0.8492909152506368,0.44439834024896263,0.44552946322977416,0.42412002521357034,20000,"(1, 2)",200,random,1.0,0.15,6,600,1.0
star_rating,hybrid_sbert_w2v_tfidf_svd_xgbreg,0.9981468915939331,0.6917761564254761,0.8502173342263767,0.44439834024896263,0.44634132280421573,0.42460117328944164,20000,"(1, 2)",200,random,1.0,0.15,6,800,1.0
star_rating,hybrid_sbert_w2v_tfidf_svd_xgbreg,0.999801516532898,0.6896270513534546,0.8531763375733927,0.4437759336099585,0.4415458247186804,0.4193769690058047,20000,"(1, 2)",200,random,1.0,0.15,8,500,1.0
star_rating,hybrid_sbert_w2v_tfidf_svd_xgbreg,0.9999147653579712,0.6894656419754028,0.8533981556659918,0.44439834024896263,0.442370969183618,0.42030367618249836,20000,"(1, 2)",200,random,1.0,0.15,8,600,1.0
star_rating,hybrid_sbert_w2v_tfidf_svd_xgbreg,0.9999561905860901,0.6895244717597961,0.85331730753657,0.44439834024896263,0.44232905798165545,0.4199004265682317,20000,"(1, 2)",200,random,1.0,0.15,8,800,1.0
star_rating,hybrid_sbert_w2v_tfidf_svd_xgbreg,0.8834355473518372,0.703221321105957,0.834282636352169,0.45311203319502075,0.45337684434792774,0.42703705339595377,20000,"(1, 2)",200,none,1.0,0.1,4,500,1.0
star_rating,hybrid_sbert_w2v_tfidf_svd_xgbreg,0.9004961848258972,0.7024904489517212,0.8353093719709278,0.45560165975103734,0.4555037311842161,0.42947675848638667,20000,"(1, 2)",200,none,1.0,0.1,4,600,1.0
star_rating,hybrid_sbert_w2v_tfidf_svd_xgbreg,0.9275319576263428,0.7019696235656738,0.8360400983648533,0.4545643153526971,0.45552339027071576,0.43012625453416253,20000,"(1, 2)",200,none,1.0,0.1,4,800,1.0
star_rating,hybrid_sbert_w2v_tfidf_svd_xgbreg,0.9812223315238953,0.7017253637313843,0.8363826315239036,0.4636929460580913,0.4638082965892191,0.43830079907449154,20000,"(1, 2)",200,none,1.0,0.1,6,500,1.0
star_rating,hybrid_sbert_w2v_tfidf_svd_xgbreg,0.9883390069007874,0.7021012306213379,0.8358554978124308,0.4636929460580913,0.46443703683475296,0.4382678234033911,20000,"(1, 2)",200,none,1.0,0.1,6,600,1.0
star_rating,hybrid_sbert_w2v_tfidf_svd_xgbreg,0.995425820350647,0.7023055553436279,0.8355688191189983,0.4645228215767635,0.4653666696401723,0.43946781514536937,20000,"(1, 2)",200,none,1.0,0.1,6,800,1.0
star_rating,hybrid_sbert_w2v_tfidf_svd_xgbreg,0.9993767738342285,0.6972780227661133,0.8425949455778767,0.4549792531120332,0.45496212474801695,0.4296034932057246,20000,"(1, 2)",200,none,1.0,0.1,8,500,1.0
star_rating,hybrid_sbert_w2v_tfidf_svd_xgbreg,0.9997661113739014,0.6973382234573364,0.8425110798681656,0.45560165975103734,0.45571891535028985,0.43045807740125197,20000,"(1, 2)",200,none,1.0,0.1,8,600,1.0
star_rating,hybrid_sbert_w2v_tfidf_svd_xgbreg,0.9999427199363708,0.697364330291748,0.8424747861717187,0.4553941908713693,0.4556778834999284,0.43049338165338397,20000,"(1, 2)",200,none,1.0,0.1,8,800,1.0
star_rating,hybrid_sbert_w2v_tfidf_svd_xgbreg,0.9213010668754578,0.6978516578674316,0.8417961669352445,0.45186721991701245,0.4543300971893273,0.42785741331994276,20000,"(1, 2)",200,none,1.0,0.15,4,500,1.0
star_rating,hybrid_sbert_w2v_tfidf_svd_xgbreg,0.9374473094940186,0.6977985501289368,0.841870227281937,0.4464730290456432,0.4490073517096544,0.4233838966060575,20000,"(1, 2)",200,none,1.0,0.15,4,600,1.0
star_rating,hybrid_sbert_w2v_tfidf_svd_xgbreg,0.959727942943573,0.6979398131370544,0.8416734149083205,0.4508298755186722,0.45405261930471424,0.42796274741207235,20000,"(1, 2)",200,none,1.0,0.15,4,800,1.0
star_rating,hybrid_sbert_w2v_tfidf_svd_xgbreg,0.9942538738250732,0.6935247778892517,0.8478022506774883,0.4516597510373444,0.450676677707584,0.4244273601444034,20000,"(1, 2)",200,none,1.0,0.15,6,500,1.0
star_rating,hybrid_sbert_w2v_tfidf_svd_xgbreg,0.9971131682395935,0.6929031610488892,0.8486615385718187,0.454149377593361,0.4535872987715057,0.42746519536795946,20000,"(1, 2)",200,none,1.0,0.15,6,600,1.0
star_rating,hybrid_sbert_w2v_tfidf_svd_xgbreg,0.9992265701293945,0.6928950548171997,0.8486727758903396,0.45518672199170124,0.4546670481321577,0.42831006121447723,20000,"(1, 2)",200,none,1.0,0.15,6,800,1.0
star_rating,hybrid_sbert_w2v_tfidf_svd_xgbreg,0.999932050704956,0.6897443532943726,0.8530151506064556,0.45269709543568465,0.45244534293339655,0.4276381779477643,20000,"(1, 2)",200,none,1.0,0.15,8,500,1.0
star_rating,hybrid_sbert_w2v_tfidf_svd_xgbreg,0.9999600052833557,0.6897485256195068,0.8530094208169162,0.4529045643153527,0.4525594125438382,0.427699637522492,20000,"(1, 2)",200,none,1.0,0.15,8,600,1.0
star_rating,hybrid_sbert_w2v_tfidf_svd_xgbreg,0.9999666213989258,0.6897517442703247,0.8530049138212715,0.4524896265560166,0.45215079406281655,0.42729443838746983,20000,"(1, 2)",200,none,1.0,0.15,8,800,1.0
star_rating,hybrid_sbert_w2v_tfidf_svd_xgbreg,0.8708189725875854,0.6956372261047363,0.8448753975524284,0.4267634854771784,0.42259861309275587,0.41116724044640146,20000,"(1, 2)",300,smote,1.0,0.1,4,500,1.0
star_rating,hybrid_sbert_w2v_tfidf_svd_xgbreg,0.8890464901924133,0.6959711909294128,0.8444116964773377,0.43091286307053944,0.4281520429387398,0.41390841423317254,20000,"(1, 2)",300,smote,1.0,0.1,4,600,1.0
star_rating,hybrid_sbert_w2v_tfidf_svd_xgbreg,0.9178676009178162,0.6960195302963257,0.8443445653957706,0.4344398340248963,0.43327566377496096,0.41844410001274335,20000,"(1, 2)",300,smote,1.0,0.1,4,800,1.0
star_rating,hybrid_sbert_w2v_tfidf_svd_xgbreg,0.9791304469108582,0.6971672773361206,0.8427490725923797,0.4350622406639004,0.4322920724174777,0.4175578561696769,20000,"(1, 2)",300,smote,1.0,0.1,6,500,1.0
star_rating,hybrid_sbert_w2v_tfidf_svd_xgbreg,0.9869264364242554,0.6974599361419678,0.8423416959057873,0.4400414937759336,0.43819643221560506,0.4231942730583052,20000,"(1, 2)",300,smote,1.0,0.1,6,600,1.0
star_rating,hybrid_sbert_w2v_tfidf_svd_xgbreg,0.9949730634689331,0.6974801421165466,0.8423136034598315,0.44024896265560165,0.43955839404613783,0.4237883421765348,20000,"(1, 2)",300,smote,1.0,0.1,6,800,1.0
star_rating,hybrid_sbert_w2v_tfidf_svd_xgbreg,0.9995046854019165,0.6962002515792847,0.8440935000814366,0.4404564315352697,0.43731909737308716,0.4211581198519457,20000,"(1, 2)",300,smote,1.0,0.1,8,500,1.0
star_rating,hybrid_sbert_w2v_tfidf_svd_xgbreg,0.999807596206665,0.6963546276092529,0.8438790187386842,0.44024896265560165,0.43701353567260853,0.4207492449768571,20000,"(1, 2)",300,smote,1.0,0.1,8,600,1.0
star_rating,hybrid_sbert_w2v_tfidf_svd_xgbreg,0.999943196773529,0.6964671611785889,0.8437226962157582,0.4383817427385892,0.4350944275722749,0.41922203083058546,20000,"(1, 2)",300,smote,1.0,0.1,8,800,1.0
star_rating,hybrid_sbert_w2v_tfidf_svd_xgbreg,0.9101406931877136,0.6922031044960022,0.8496283518107868,0.43174273858921164,0.43116603852818297,0.41746880393349795,20000,"(1, 2)",300,smote,1.0,0.15,4,500,1.0
star_rating,hybrid_sbert_w2v_tfidf_svd_xgbreg,0.9277909994125366,0.691047191619873,0.8512221890022273,0.433195020746888,0.4334867708905881,0.41832321093795877,20000,"(1, 2)",300,smote,1.0,0.15,4,600,1.0
star_rating,hybrid_sbert_w2v_tfidf_svd_xgbreg,0.9523777961730957,0.6896732449531555,0.8531128306097301,0.441701244813278,0.4432412695985337,0.42661769471906574,20000,"(1, 2)",300,smote,1.0,0.15,4,800,1.0
star_rating,hybrid_sbert_w2v_tfidf_svd_xgbreg,0.9931119084358215,0.6901469826698303,0.8524614191694149,0.44107883817427385,0.44254239456062344,0.42526468437023784,20000,"(1, 2)",300,smote,1.0,0.15,6,500,1.0
star_rating,hybrid_sbert_w2v_tfidf_svd_xgbreg,0.9964263439178467,0.6899629831314087,0.8527145642064501,0.44149377593360994,0.4435187112624617,0.425698149631861,20000,"(1, 2)",300,smote,1.0,0.15,6,600,1.0
star_rating,hybrid_sbert_w2v_tfidf_svd_xgbreg,0.9990065693855286,0.6899629831314087,0.8527144943065683,0.441701244813278,0.4441151857247076,0.4259277802813429,20000,"(1, 2)",300,smote,1.0,0.15,6,800,1.0
star_rating,hybrid_sbert_w2v_tfidf_svd_xgbreg,0.9999291300773621,0.6891724467277527,0.8538009550714323,0.43049792531120334,0.42790140387932074,0.4125100166546648,20000,"(1, 2)",300,smote,1.0,0.15,8,500,1.0
star_rating,hybrid_sbert_w2v_tfidf_svd_xgbreg,0.9999561309814453,0.689134955406189,0.8538524390853104,0.4302904564315353,0.42773522245488427,0.41262999064775585,20000,"(1, 2)",300,smote,1.0,0.15,8,600,1.0
star_rating,hybrid_sbert_w2v_tfidf_svd_xgbreg,0.9999654293060303,0.6891605257987976,0.8538173255792422,0.43091286307053944,0.42832717540675813,0.41312079458922424,20000,"(1, 2)",300,smote,1.0,0.15,8,800,1.0
star_rating,hybrid_sbert_w2v_tfidf_svd_xgbreg,0.8723540306091309,0.6989433765411377,0.8402740795449947,0.4311203319502075,0.4257136693257526,0.41269787390124224,20000,"(1, 2)",300,random,1.0,0.1,4,500,1.0
star_rating,hybrid_sbert_w2v_tfidf_svd_xgbreg,0.890629768371582,0.6992642879486084,0.8398261134935071,0.43692946058091287,0.4336570071695757,0.4189993448534392,20000,"(1, 2)",300,random,1.0,0.1,4,600,1.0
star_rating,hybrid_sbert_w2v_tfidf_svd_xgbreg,0.9177034497261047,0.7002911567687988,0.838391063426525,0.4452282157676348,0.44353401714845364,0.42650776774501004,20000,"(1, 2)",300,random,1.0,0.1,4,800,1.0
star_rating,hybrid_sbert_w2v_tfidf_svd_xgbreg,0.976436197757721,0.7028701305389404,0.8347762054072734,0.4520746887966805,0.4492573386434277,0.4300917853529663,20000,"(1, 2)",300,random,1.0,0.1,6,500,1.0
star_rating,hybrid_sbert_w2v_tfidf_svd_xgbreg,0.9844597578048706,0.7026594281196594,0.8350720783349839,0.44979253112033196,0.4470929741266935,0.4279453181469156,20000,"(1, 2)",300,random,1.0,0.1,6,600,1.0
star_rating,hybrid_sbert_w2v_tfidf_svd_xgbreg,0.9929625988006592,0.7031030058860779,0.8344489775591103,0.4553941908713693,0.45353570088666334,0.43211473436586695,20000,"(1, 2)",300,random,1.0,0.1,6,800,1.0
star_rating,hybrid_sbert_w2v_tfidf_svd_xgbreg,0.9989141225814819,0.6989505290985107,0.8402640776835347,0.44813278008298757,0.446927910002112,0.4269144285223915,20000,"(1, 2)",300,random,1.0,0.1,8,500,1.0
star_rating,hybrid_sbert_w2v_tfidf_svd_xgbreg,0.9995404481887817,0.6988706588745117,0.8403755456008286,0.4508298755186722,0.44949416891629396,0.4292296295985823,20000,"(1, 2)",300,random,1.0,0.1,8,600,1.0
star_rating,hybrid_sbert_w2v_tfidf_svd_xgbreg,0.9998924732208252,0.6989314556121826,0.8402907490495373,0.4524896265560166,0.45135201465602576,0.4309429967961508,20000,"(1, 2)",300,random,1.0,0.1,8,800,1.0
star_rating,hybrid_sbert_w2v_tfidf_svd_xgbreg,0.9101840257644653,0.6943392753601074,0.8466749004153886,0.43858921161825726,0.43819253202635766,0.42242855487117426,20000,"(1, 2)",300,random,1.0,0.15,4,500,1.0
star_rating,hybrid_sbert_w2v_tfidf_svd_xgbreg,0.9268510341644287,0.6945921182632446,0.8463245953993616,0.4446058091286307,0.4451278143317332,0.4277630462971527,20000,"(1, 2)",300,random,1.0,0.15,4,600,1.0
star_rating,hybrid_sbert_w2v_tfidf_svd_xgbreg,0.9508963823318481,0.694951057434082,0.845827124405295,0.44543568464730293,0.4465468739173638,0.42817670465962426,20000,"(1, 2)",300,random,1.0,0.15,4,800,1.0
star_rating,hybrid_sbert_w2v_tfidf_svd_xgbreg,0.9915952682495117,0.6919090747833252,0.8500340595153353,0.44066390041493775,0.442026423141888,0.42036385697293255,20000,"(1, 2)",300,random,1.0,0.15,6,500,1.0
star_rating,hybrid_sbert_w2v_tfidf_svd_xgbreg,0.9951918721199036,0.6915590763092041,0.8505167358137772,0.44107883817427385,0.4423691572213296,0.42018559949523826,20000,"(1, 2)",300,random,1.0,0.15,6,600,1.0
star_rating,hybrid_sbert_w2v_tfidf_svd_xgbreg,0.9984350800514221,0.6916866302490234,0.8503408505929813,0.4429460580912863,0.4445098157547705,0.42204764053648525,20000,"(1, 2)",300,random,1.0,0.15,6,800,1.0
star_rating,hybrid_sbert_w2v_tfidf_svd_xgbreg,0.9998592138290405,0.6886063814163208,0.8545779811840946,0.4487551867219917,0.4465522682302782,0.42449792762534794,20000,"(1, 2)",300,random,1.0,0.15,8,500,1.0
star_rating,hybrid_sbert_w2v_tfidf_svd_xgbreg,0.999933123588562,0.688606858253479,0.8545773534567112,0.4491701244813278,0.44694572840584024,0.42502191756444263,20000,"(1, 2)",300,random,1.0,0.15,8,600,1.0
star_rating,hybrid_sbert_w2v_tfidf_svd_xgbreg,0.9999582767486572,0.6886389255523682,0.8545333416428935,0.4491701244813278,0.44708139715441136,0.42517157714869214,20000,"(1, 2)",300,random,1.0,0.15,8,800,1.0
star_rating,hybrid_sbert_w2v_tfidf_svd_xgbreg,0.8871603012084961,0.704126238822937,0.8330097802195949,0.4566390041493776,0.45698400369758146,0.4318201659420553,20000,"(1, 2)",300,none,1.0,0.1,4,500,1.0
star_rating,hybrid_sbert_w2v_tfidf_svd_xgbreg,0.904471755027771,0.7035292387008667,0.833849786623416,0.4558091286307054,0.45660708726894245,0.4309692885265993,20000,"(1, 2)",300,none,1.0,0.1,4,600,1.0
star_rating,hybrid_sbert_w2v_tfidf_svd_xgbreg,0.9310699701309204,0.7032766342163086,0.8342048657296657,0.4558091286307054,0.45702254165929357,0.43200453168746905,20000,"(1, 2)",300,none,1.0,0.1,4,800,1.0
star_rating,hybrid_sbert_w2v_tfidf_svd_xgbreg,0.9831653833389282,0.696557879447937,0.8435965857729276,0.45518672199170124,0.45478744888256417,0.4291899138263683,20000,"(1, 2)",300,none,1.0,0.1,6,500,1.0
star_rating,hybrid_sbert_w2v_tfidf_svd_xgbreg,0.9898120164871216,0.6965292692184448,0.8436362931669477,0.4597510373443983,0.45875160190676345,0.43262150468064436,20000,"(1, 2)",300,none,1.0,0.1,6,600,1.0
star_rating,hybrid_sbert_w2v_tfidf_svd_xgbreg,0.9960647225379944,0.6966749429702759,0.843433850716169,0.4578838174273859,0.457152499474432,0.43160848073026437,20000,"(1, 2)",300,none,1.0,0.1,6,800,1.0
star_rating,hybrid_sbert_w2v_tfidf_svd_xgbreg,0.9995861053466797,0.6972382068634033,0.8426503680600561,0.45560165975103734,0.4542729694587675,0.4286212339017322,20000,"(1, 2)",300,none,1.0,0.1,8,500,1.0
star_rating,hybrid_sbert_w2v_tfidf_svd_xgbreg,0.9998472332954407,0.697272539138794,0.8426025146576331,0.4562240663900415,0.4550401440570674,0.4293786813056973,20000,"(1, 2)",300,none,1.0,0.1,8,600,1.0
star_rating,hybrid_sbert_w2v_tfidf_svd_xgbreg,0.9999544024467468,0.6972705125808716,0.8426053795719523,0.45726141078838173,0.456349197584344,0.4306538253905005,20000,"(1, 2)",300,none,1.0,0.1,8,800,1.0
star_rating,hybrid_sbert_w2v_tfidf_svd_xgbreg,0.923682689666748,0.6951478719711304,0.8455542241693252,0.45726141078838173,0.4593937458931984,0.43474005737503285,20000,"(1, 2)",300,none,1.0,0.15,4,500,1.0
star_rating,hybrid_sbert_w2v_tfidf_svd_xgbreg,0.9399433732032776,0.6950533390045166,0.8456853640059043,0.4504149377593361,0.4530019915287105,0.42826590605103887,20000,"(1, 2)",300,none,1.0,0.15,4,600,1.0
star_rating,hybrid_sbert_w2v_tfidf_svd_xgbreg,0.9621817469596863,0.6938473582267761,0.8473559080416185,0.4524896265560166,0.4547232447139344,0.42975846718052885,20000,"(1, 2)",300,none,1.0,0.15,4,800,1.0
star_rating,hybrid_sbert_w2v_tfidf_svd_xgbreg,0.994831383228302,0.6934840083122253,0.8478585981750669,0.4470954356846473,0.44851584627450614,0.42199627445340926,20000,"(1, 2)",300,none,1.0,0.15,6,500,1.0
star_rating,hybrid_sbert_w2v_tfidf_svd_xgbreg,0.9974579811096191,0.6929289102554321,0.8486259644542635,0.4483402489626556,0.4497801171793648,0.42315703822122075,20000,"(1, 2)",300,none,1.0,0.15,6,600,1.0
star_rating,hybrid_sbert_w2v_tfidf_svd_xgbreg,0.9993854761123657,0.6929971575737,0.8485317016348605,0.44854771784232367,0.45006278087672247,0.4234497785851622,20000,"(1, 2)",300,none,1.0,0.15,6,800,1.0
star_rating,hybrid_sbert_w2v_tfidf_svd_xgbreg,0.9999476671218872,0.687067449092865,0.8566871223407129,0.4473029045643154,0.44657048260200083,0.42147897462889095,20000,"(1, 2)",300,none,1.0,0.15,8,500,1.0
star_rating,hybrid_sbert_w2v_tfidf_svd_xgbreg,0.9999634623527527,0.6870891451835632,0.8566574129824439,0.44626556016597513,0.4455346382995071,0.4205536210703202,20000,"(1, 2)",300,none,1.0,0.15,8,600,1.0
star_rating,hybrid_sbert_w2v_tfidf_svd_xgbreg,0.9999666810035706,0.6870830059051514,0.856665797109447,0.4464730290456432,0.4457564729301721,0.42080535130263225,20000,"(1, 2)",300,none,1.0,0.15,8,800,1.0
